001525.KS,동양우
023350.KS,한국종합기술
018670.KS,SK가스
037710.KS,광주신세계
009410.KS,태영건설
003620.KS,쌍용차
000040.KS,KR모터스
004440.KS,대림씨엔에스
003610.KS,방림
005257.KS,녹십자홀딩스2우
003080.KS,성보화학
010100.KS,한국프랜지
008500.KS,일정실업
006260.KS,LS
214330.KS,금호에이치티
005880.KS,대한해운
012510.KS,더존비즈온
002240.KS,고려제강
009320.KS,대우부품
002000.KS,한국유리
000070.KS,삼양홀딩스
000670.KS,영풍
200880.KS,서연이화
003545.KS,대신증권우
058860.KS,케이티스
004990.KS,롯데제과
000950.KS,전방
084680.KS,이월드
083380.KS,동북아13호
002005.KS,한국유리우
001770.KS,신화실업
005390.KS,신성통상
001465.KS,BYC우
001080.KS,만호제강
001380.KS,SG충방
000725.KS,현대건설우
007460.KS,나라케이아이씨
033270.KS,유나이티드제약
083420.KS,KPX그린케미칼
090350.KS,노루페인트
115390.KS,락앤락
152870.KS,파워 K200
000815.KS,삼성화재우
002355.KS,넥센타이어1우B
027390.KS,한화갤러리아타임월드
001689.KS,대상3우B
002070.KS,남영비비안
002870.KS,신풍제지
105840.KS,우진
000885.KS,한화우
071320.KS,지역난방공사
009540.KS,현대중공업
071970.KS,STX중공업
034020.KS,두산중공업
026960.KS,동서
027410.KS,BGF리테일
000760.KS,이화산업
034300.KS,신세계건설
007860.KS,서연
000520.KS,삼일제약
005750.KS,대림B&Co
009180.KS,한솔로지스틱스
002450.KS,삼익악기
003535.KS,한화투자증권우
006980.KS,우성사료
005385.KS,현대차우
010770.KS,평화홀딩스
002380.KS,KCC
030210.KS,KTB투자증권
028100.KS,동아지질
069460.KS,대호에이엘
036580.KS,팜스코
023150.KS,MH에탄올
005490.KS,POSCO
033530.KS,세종공업
002030.KS,아세아
025890.KS,한국주강
194370.KS,제이에스코퍼레이션
001520.KS,동양
004545.KS,깨끗한나라우
004200.KS,고려개발
086790.KS,하나금융지주
192820.KS,코스맥스
001065.KS,JW중외제약우
011070.KS,LG이노텍
111770.KS,영원무역
004135.KS,대덕GDS우
000030.KS,우리은행
002810.KS,삼영무역
058850.KS,KTcs
011500.KS,한농화성
000020.KS,동화약품
079550.KS,LIG넥스원
007570.KS,일양약품
008970.KS,동양철관
107590.KS,미원에스씨
010690.KS,화신
091000.KS,코리아04호
248170.KS,샘표식품
011810.KS,STX
004430.KS,송원산업
011160.KS,두산건설
227840.KS,현대씨앤에프
006340.KS,대원전선
003200.KS,일신방직
003960.KS,사조대림
010420.KS,한솔PNS
138490.KS,코오롱플라스틱
005190.KS,동성화학
001270.KS,부국증권
004890.KS,동일산업
000880.KS,한화
002990.KS,금호산업
008060.KS,대덕전자
069640.KS,엠케이트렌드
213500.KS,한솔제지
012320.KS,경동가스
000150.KS,두산
00781K.KS,코리아써키트2우B
057050.KS,현대홈쇼핑
002310.KS,아세아제지
005800.KS,신영와코루
029460.KS,케이씨텍
003240.KS,태광산업
083570.KS,아시아10호
003075.KS,코오롱글로벌우
017040.KS,광명전기
011760.KS,현대상사
159800.KS,마이티 K100
053210.KS,스카이라이프
000810.KS,삼성화재
140890.KS,트러스제7호
000660.KS,SK하이닉스
163560.KS,동일고무벨트
007575.KS,일양약품우
002140.KS,고려산업
071090.KS,하이스틸
011230.KS,삼화전자
030000.KS,제일기획
18064K.KS,한진칼우
005255.KS,녹십자홀딩스1우
035250.KS,강원랜드
003480.KS,한진중공업홀딩스
071055.KS,한국금융지주우
005110.KS,한창
003350.KS,한국화장품제조
035510.KS,신세계 I&C
008560.KS,메리츠종금증권
02826K.KS,삼성물산우B
004090.KS,한국석유
001020.KS,페이퍼코리아
207940.KS,삼성바이오로직스
010955.KS,S-Oil우
104700.KS,한국철강
025620.KS,제이준
017810.KS,풀무원
003415.KS,쌍용양회우
117580.KS,대성에너지
002690.KS,동일제강
001390.KS,KG케미칼
004415.KS,서울식품우
021050.KS,서원
138250.KS,엔에스쇼핑
016380.KS,동부제철
006380.KS,카프로
031440.KS,신세계푸드
089470.KS,현대EP
002200.KS,수출포장
000640.KS,동아쏘시오홀딩스
017550.KS,수산중공업
015020.KS,이스타코
003280.KS,흥아해운
066570.KS,LG전자
003680.KS,한성기업
002720.KS,국제약품
004105.KS,태양금속우
007815.KS,코리아써우
005935.KS,삼성전자우
013580.KS,계룡건설
180640.KS,한진칼
001067.KS,JW중외제약2우B
033240.KS,자화전자
126560.KS,현대에이치씨엔
023000.KS,삼원강재
009450.KS,경동나비엔
093050.KS,LF
017960.KS,한국카본
033920.KS,무학
204210.KS,모두투어리츠
104120.KS,신성에프에이
000370.KS,한화손해보험
083610.KS,아시아14호
000430.KS,대원강업
017180.KS,명문제약
017670.KS,SK텔레콤
084670.KS,동양고속
004360.KS,세방
037560.KS,CJ헬로비전
004020.KS,현대제철
039570.KS,아이콘트롤스
002840.KS,미원상사
009200.KS,무림페이퍼
155660.KS,DSR
012160.KS,영흥철강
005830.KS,동부화재
092230.KS,KPX홀딩스
037620.KS,미래에셋증권
068870.KS,LG생명과학
072710.KS,농심홀딩스
000230.KS,일동홀딩스
249420.KS,일동제약
051915.KS,LG화학우
030200.KS,KT
192530.KS,광주은행
001510.KS,SK증권
060980.KS,한라홀딩스
018470.KS,조일알미늄
068400.KS,AJ렌터카
004840.KS,DRB동일
000547.KS,흥국화재2우B
013367.KS,일성건설2우B
014130.KS,한익스프레스
008700.KS,아남전자
001200.KS,유진투자증권
077970.KS,STX엔진
016880.KS,웅진
123700.KS,SJM
003530.KS,한화투자증권
001750.KS,한양증권
002600.KS,조흥
034120.KS,SBS
005690.KS,파미셀
000210.KS,대림산업
900050.KS,중국원양자원
008110.KS,대동전자
000060.KS,메리츠화재
014680.KS,한솔케미칼
011690.KS,유양디앤유
006740.KS,영풍제지
004080.KS,신흥
028260.KS,삼성물산
007610.KS,선도전기
014790.KS,한라
036570.KS,엔씨소프트
003580.KS,동원
241590.KS,화승엔터프라이즈
023800.KS,인지컨트롤스
001570.KS,금양
030720.KS,동원수산
084010.KS,대한제강
017940.KS,E1
072130.KS,유엔젤
025530.KS,SJM홀딩스
102460.KS,이연제약
009830.KS,한화케미칼
005305.KS,롯데칠성우
003475.KS,유안타증권우
051905.KS,LG생활건강우
000050.KS,경방
074610.KS,이엔쓰리
093240.KS,형지엘리트
002320.KS,한진
025860.KS,남해화학
011700.KS,한신기계
168300.KS,KTOP 50
015860.KS,일진홀딩스
012030.KS,동부
204320.KS,만도
009415.KS,태영건설우
003520.KS,영진약품
006405.KS,삼성SDI우
084690.KS,대상홀딩스
095720.KS,웅진씽크빅
011000.KS,진원생명과학
002710.KS,TCC동양
015360.KS,예스코
101060.KS,SBS미디어홀딩스
099340.KS,하나니켈1호
011390.KS,부산산업
006090.KS,사조오양
007190.KS,한솔아트원제지
097950.KS,CJ제일제당
006360.KS,GS건설
015260.KS,에이엔피
005940.KS,NH투자증권
001120.KS,LG상사
008490.KS,서흥
006200.KS,한국전자홀딩스
032830.KS,삼성생명
102280.KS,쌍방울
009770.KS,삼정펄프
000220.KS,유유제약
005870.KS,휴니드
015350.KS,부산가스
068875.KS,LG생명과학우
003925.KS,남양유업우
000490.KS,대동공업
051900.KS,LG생활건강
028050.KS,삼성엔지니어링
003060.KS,슈넬생명과학
088350.KS,한화생명
000145.KS,하이트진로홀딩스우
010120.KS,LS산전
079160.KS,CJ CGV
079980.KS,휴비스
053690.KS,한미글로벌
005387.KS,현대차2우B
000120.KS,CJ대한통운
136490.KS,선진
009190.KS,대양금속
069960.KS,현대백화점
007110.KS,일신석재
001260.KS,남광토건
007340.KS,동아타이어
034730.KS,SK
001560.KS,제일연마
137930.KS,마이다스 커버드콜
039130.KS,하나투어
005030.KS,부산주공
000087.KS,하이트진로2우B
002410.KS,범양건영
000300.KS,대유플러스
021820.KS,세원정공
017370.KS,우신시스템
079430.KS,현대리바트
001250.KS,GS글로벌
000075.KS,삼양홀딩스우
003850.KS,보령제약
025540.KS,한국단자
145270.KS,케이탑리츠
067830.KS,세이브존I&C
017390.KS,서울가스
092220.KS,KEC
016590.KS,신대양제지
145210.KS,세화아이엠씨
004380.KS,삼익THK
058650.KS,세아홀딩스
016385.KS,동부제철우
001820.KS,삼화콘덴서
139480.KS,이마트
019180.KS,티에이치엔
000680.KS,LS네트웍스
019170.KS,신풍제약
002100.KS,경농
092200.KS,디아이씨
068290.KS,삼성출판사
002780.KS,진흥기업
021960.KS,케이비캐피탈
175330.KS,JB금융지주
044380.KS,주연테크
004800.KS,효성
014580.KS,백광소재
012600.KS,청호컴넷
026890.KS,디피씨
004700.KS,조광피혁
006040.KS,동원산업
004987.KS,성신양회2우B
096770.KS,SK이노베이션
014910.KS,성문전자
047050.KS,포스코대우
010040.KS,한국내화
006890.KS,태경화학
03473K.KS,SK우
010600.KS,와이비로드
000140.KS,하이트진로홀딩스
004490.KS,세방전지
097955.KS,CJ제일제당 우
012330.KS,현대모비스
026940.KS,부국철강
005500.KS,삼진제약
093370.KS,후성
002700.KS,신일산업
004000.KS,롯데정밀화학
004989.KS,성신양회3우B
090435.KS,아모레퍼시픽우
010050.KS,우리종금
108590.KS,TREX 200
011200.KS,현대상선
049800.KS,우진플라임
083390.KS,동북아14호
009150.KS,삼성전기
097750.KS,TREX 중소형가치
008355.KS,남선알미우
007590.KS,동방아그로
007700.KS,F&F
003490.KS,대한항공
104110.KS,신성이엔지
028670.KS,팬오션
069620.KS,대웅제약
012170.KS,키위미디어그룹
024070.KS,WISCOM
226320.KS,잇츠스킨
002785.KS,진흥기업우B
004830.KS,덕성
014990.KS,인디에프
002460.KS,화성산업
013870.KS,지엠비코리아
014530.KS,극동유화
005610.KS,SPC삼립
010130.KS,고려아연
004710.KS,한솔테크닉스
004920.KS,씨아이테크
005440.KS,현대그린푸드
195870.KS,해성디에스
005180.KS,빙그레
011170.KS,롯데케미칼
012280.KS,영화금속
010640.KS,진양폴리
003300.KS,한일시멘트
103590.KS,일진전기
005070.KS,코스모신소재
023590.KS,다우기술
003230.KS,삼양식품
007310.KS,오뚜기
081000.KS,일진다이아
108670.KS,LG하우시스
011280.KS,태림포장
001795.KS,대한제당우
001340.KS,백광산업
005250.KS,녹십자홀딩스
004690.KS,삼천리
108675.KS,LG하우시스우
002900.KS,동양물산
145850.KS,TREX 펀더멘탈 200
123890.KS,한국자산신탁
161890.KS,한국콜마
110570.KS,넥솔론
005450.KS,신한
011330.KS,유니켐
019175.KS,신풍제약우
004150.KS,한솔홀딩스
152550.KS,한국ANKOR유전
015230.KS,대창단조
005389.KS,현대차3우B
009270.KS,신원
015540.KS,핫텍
001755.KS,한양증권우
071840.KS,롯데하이마트
003030.KS,세아제강
085310.KS,엔케이
094280.KS,효성ITX
025000.KS,KPX케미칼
159650.KS,하이골드8호
011420.KS,갤럭시아에스엠
004270.KS,남성
092440.KS,기신정기
014820.KS,동원시스템즈
133820.KS,화인베스틸
042670.KS,두산인프라코어
002880.KS,대유에이텍
006400.KS,삼성SDI
011155.KS,CJ씨푸드1우
003470.KS,유안타증권
145995.KS,삼양사우
001275.KS,부국증권우
039490.KS,키움증권
005010.KS,휴스틸
019440.KS,세아특수강
006800.KS,미래에셋대우
003120.KS,일성신약
004560.KS,현대비앤지스틸
090370.KS,아비스타
002360.KS,SH에너지화학
058430.KS,포스코강판
020150.KS,일진머티리얼즈
009275.KS,신원우
229640.KS,엘에스전선아시아
051600.KS,한전KPS
005320.KS,국동
005620.KS,대성합동지주
008870.KS,금비
005740.KS,크라운제과
007630.KS,아이카이스트랩
066575.KS,LG전자우
122900.KS,아이마켓코리아
027740.KS,마니커
071950.KS,코아스
014830.KS,유니드
214420.KS,토니모리
033780.KS,KT&G
000990.KS,동부하이텍
006125.KS,SK케미칼우
001527.KS,동양2우B
082740.KS,두산엔진
000720.KS,현대건설
900140.KS,코라오홀딩스
004450.KS,삼화왕관
001740.KS,SK네트웍스
090970.KS,코리아01호
011785.KS,금호석유우
000540.KS,흥국화재
101530.KS,해태제과식품
000500.KS,가온전선
001529.KS,동양3우B
023530.KS,롯데쇼핑
003160.KS,디아이
033660.KS,아주캐피탈
009160.KS,SIMPAC
170900.KS,동아에스티
069730.KS,DSR제강
014160.KS,대영포장
001880.KS,삼호
004960.KS,한신공영
000860.KS,강남제비스코
010140.KS,삼성중공업
069260.KS,휴켐스
029530.KS,신도리코
009155.KS,삼성전기우
004835.KS,덕성우
000155.KS,두산우
000480.KS,조선내화
010580.KS,지코
016740.KS,두올
001500.KS,HMC투자증권
075580.KS,세진중공업
003465.KS,유화증권우
009680.KS,모토닉
025820.KS,이구산업
134790.KS,팀스
001140.KS,국보
013570.KS,디와이
109070.KS,KGP
002390.KS,한독
078000.KS,텔코웨어
090980.KS,코리아02호
009070.KS,KCTC
058730.KS,동아에스텍
083350.KS,동북아10호
000890.KS,보해양조
004255.KS,NPC우
003720.KS,삼영화학
005745.KS,크라운제우
016360.KS,삼성증권
099350.KS,하나니켈2호
128940.KS,한미약품
014825.KS,동원시스템즈우
088790.KS,진도
015590.KS,대경기계
006370.KS,대구백화점
000080.KS,하이트진로
210540.KS,디와이파워
086280.KS,현대글로비스
083360.KS,동북아11호
096300.KS,베트남개발1
006390.KS,현대시멘트
000390.KS,삼화페인트
033250.KS,체시스
009140.KS,경인전자
035420.KS,NAVER
001530.KS,동일방직
117930.KS,한진해운
012630.KS,현대산업
000970.KS,한국주철관
084695.KS,대상홀딩스우
012200.KS,계양전기
004980.KS,성신양회
003000.KS,부광약품
070960.KS,용평리조트
001460.KS,BYC
024900.KS,덕양산업
007160.KS,사조산업
009470.KS,삼화전기
079660.KS,사조해표
083620.KS,아시아15호
091090.KS,세원셀론텍
008350.KS,남선알미늄
002820.KS,선창산업
000995.KS,동부하이텍1우
081660.KS,휠라코리아
002790.KS,아모레G
001040.KS,CJ
035000.KS,지투알
006060.KS,화승인더
014285.KS,금강공업우
012800.KS,대창
00088K.KS,한화3우B
094800.KS,맵스리얼티1
017800.KS,현대엘리베이
008730.KS,율촌화학
083600.KS,아시아13호
001130.KS,대한제분
023810.KS,인팩
083580.KS,아시아11호
000590.KS,CS홀딩스
105560.KS,KB금융
000325.KS,노루홀딩스우
139200.KS,하이골드2호
096760.KS,JW홀딩스
002150.KS,도화엔지니어링
140950.KS,파워 K100
042660.KS,대우조선해양
000910.KS,유니온
172580.KS,하이골드12호
001940.KS,KISCO홀딩스
003495.KS,대한항공우
013520.KS,화승알앤에이
161390.KS,한국타이어
000240.KS,한국타이어월드와이드
001230.KS,동국제강
011150.KS,CJ씨푸드
002250.KS,알보젠코리아
140910.KS,광희리츠
006110.KS,삼아알미늄
004130.KS,대덕GDS
025750.KS,한솔홈데코
009310.KS,참엔지니어링
003920.KS,남양유업
152330.KS,코리아오토글라스
003830.KS,대한화섬
001450.KS,현대해상
008000.KS,도레이케미칼
016450.KS,한세예스24홀딩스
024110.KS,기업은행
234080.KS,JW생명과학
012690.KS,모나리자
120030.KS,조선선재
008770.KS,호텔신라
049770.KS,동원F&B
002760.KS,보락
002960.KS,한국쉘석유
032350.KS,롯데관광개발
005680.KS,삼영전자
024890.KS,대원화성
005945.KS,NH투자증권우
003460.KS,유화증권
001685.KS,대상우
009970.KS,영원무역홀딩스
001800.KS,오리온
005430.KS,한국공항
034830.KS,한국토지신탁
000270.KS,기아차
001515.KS,SK증권우
005950.KS,이수화학
071050.KS,한국금융지주
004100.KS,태양금속
192720.KS,파워 고배당저변동성
003010.KS,혜인
005725.KS,넥센우
009420.KS,한올바이오파마
008250.KS,이건산업
006570.KS,대림통상
008420.KS,문배철강
095570.KS,AJ네트웍스
008040.KS,사조동아원
123690.KS,한국화장품
134380.KS,미원화학
007660.KS,이수페타시스
009580.KS,무림P&P
002630.KS,오리엔트바이오
002210.KS,동성제약
100250.KS,진양홀딩스
004870.KS,티웨이홀딩스
005090.KS,삼광글라스
009440.KS,KC그린홀딩스
003540.KS,대신증권
001210.KS,금호전기
017900.KS,광전자
000400.KS,롯데손해보험
006490.KS,인스코비
010950.KS,S-Oil
214320.KS,이노션
015890.KS,태경산업
005960.KS,동부건설
001725.KS,신영증권우
001745.KS,SK네트웍스우
090990.KS,코리아03호
010960.KS,삼호개발
007690.KS,국도화학
214390.KS,경보제약
004250.KS,NPC
077500.KS,유니퀘스트
085620.KS,미래에셋생명
215620.KS,흥국 S&P 로우볼
144620.KS,코오롱머티리얼
083590.KS,아시아12호
000105.KS,유한양행우
021240.KS,코웨이
000327.KS,노루홀딩스2우B
005420.KS,코스모화학
007540.KS,샘표
097230.KS,한진중공업
010780.KS,아이에스동서
003555.KS,LG우
078935.KS,GS우
011790.KS,SKC
003690.KS,코리안리
100840.KS,S&TC
211210.KS,마이티 코스피고배당
006345.KS,대원전선우
007280.KS,한국특수형강
012450.KS,한화테크윈
226810.KS,파워 단기채
010620.KS,현대미포조선
014440.KS,영보화학
006650.KS,대한유화
001470.KS,삼부토건
000157.KS,두산2우B
139130.KS,DGB금융지주
000545.KS,흥국화재우
001799.KS,대한제당3우B
000215.KS,대림산업우
032640.KS,LG유플러스
042700.KS,한미반도체
023450.KS,동남합성
118000.KS,우리들휴브레인
002270.KS,롯데푸드
181710.KS,NHN엔터테인먼트
002220.KS,한일철강
078930.KS,GS
003090.KS,대웅
138930.KS,BNK금융지주
001070.KS,대한방직
000700.KS,유수홀딩스
034220.KS,LG디스플레이
001430.KS,세아베스틸
010660.KS,화천기계
001290.KS,골든브릿지증권
004985.KS,성신양회우
006120.KS,SK케미칼
002550.KS,KB손해보험
138040.KS,메리츠금융지주
112610.KS,씨에스윈드
185750.KS,종근당
119650.KS,KC코트렐
031820.KS,콤텍시스템
036530.KS,S&T홀딩스
002420.KS,세기상사
001680.KS,대상
036460.KS,한국가스공사
004060.KS,SG세계물산
001780.KS,알루코
018880.KS,한온시스템
130660.KS,한전산업
063160.KS,종근당바이오
016710.KS,대성홀딩스
064350.KS,현대로템
114090.KS,GKL
003570.KS,S&T중공업
002025.KS,코오롱우
004740.KS,보루네오
012750.KS,에스원
003419.KS,쌍용양회3우B
047400.KS,쌍용머티리얼
005720.KS,넥센
005980.KS,성지건설
010145.KS,삼성중공우
004310.KS,현대약품
004170.KS,신세계
006220.KS,제주은행
011780.KS,금호석유
007210.KS,벽산
020000.KS,한섬
003070.KS,코오롱글로벌
024720.KS,한국콜마홀딩스
120115.KS,코오롱인더우
044450.KS,KSS해운
009240.KS,한샘
019680.KS,대교
073240.KS,금호타이어
084870.KS,TBH글로벌
047040.KS,대우건설
018260.KS,삼성에스디에스
006840.KS,AK홀딩스
019685.KS,대교우B
002787.KS,진흥기업2우B
008930.KS,한미사이언스
064960.KS,S&T모티브
176710.KS,파워 국고채
001790.KS,대한제당
030790.KS,동양네트웍스
002020.KS,코오롱
020760.KS,일진디스플
009810.KS,고려포리머
011300.KS,성안
051910.KS,LG화학
013700.KS,까뮤이앤씨
093230.KS,이아이디
011210.KS,현대위아
034310.KS,NICE
023960.KS,에쓰씨엔지니어링
005380.KS,현대차
103140.KS,풍산
120110.KS,코오롱인더
001045.KS,CJ우
014915.KS,성문전자우
011090.KS,에넥스
102260.KS,동성코퍼레이션
009835.KS,한화케미칼우
096775.KS,SK이노베이션우
024090.KS,디씨엠
089590.KS,제주항공
014280.KS,금강공업
000850.KS,화천기공
001630.KS,종근당홀딩스
083370.KS,동북아12호
005850.KS,에스엘
001550.KS,조비
003410.KS,쌍용양회
010820.KS,퍼스텍
009290.KS,광동제약
001440.KS,대한전선
014710.KS,사조씨푸드
030610.KS,교보증권
007197.KS,한솔아트원제지2우B
002920.KS,유성기업
001720.KS,신영증권
005360.KS,모나미
183190.KS,아세아시멘트
032560.KS,황금에스티
027970.KS,세하
101140.KS,아티스
000100.KS,유한양행
105630.KS,한세실업
128820.KS,대성산업
145990.KS,삼양사
016580.KS,환인제약
020120.KS,다우인큐브
016800.KS,퍼시스
168490.KS,한국패러랠
000180.KS,성창기업지주
009460.KS,한창제지
006660.KS,삼성공조
012610.KS,경인양행
052690.KS,한전기술
008600.KS,윌비스
082640.KS,동양생명
004720.KS,우리들제약
016090.KS,대현
090355.KS,노루페인트우
003220.KS,대원제약
007120.KS,미래아이앤지
047810.KS,한국항공우주
003650.KS,미창석유
005820.KS,원림
004370.KS,농심
007070.KS,GS리테일
155900.KS,바다로19호
004565.KS,현대비앤지스틸우
004365.KS,세방우
041650.KS,상신브레이크
013000.KS,세우글로벌
001620.KS,동국실업
004140.KS,동방
001420.KS,태원물산
153360.KS,하이골드3호
000227.KS,유유제약2우B
012205.KS,계양전기우
008775.KS,호텔신라우
002995.KS,금호산업우
001360.KS,삼성제약
001060.KS,JW중외제약
004770.KS,써니전자
005965.KS,동부건설우
002795.KS,아모레G우
002300.KS,한국제지
000320.KS,노루홀딩스
006280.KS,녹십자
019490.KS,하이트론
078520.KS,에이블씨엔씨
008260.KS,NI스틸
090430.KS,아모레퍼시픽
013360.KS,일성건설
037270.KS,YG PLUS
004910.KS,조광페인트
241560.KS,두산밥캣
192400.KS,쿠쿠전자
210980.KS,SK디앤디
018500.KS,동원금속
007980.KS,태평양물산
005810.KS,풍산홀딩스
044820.KS,코스맥스비티아이
075180.KS,새론오토모티브
035150.KS,백산
005300.KS,롯데칠성
020560.KS,아시아나항공
003547.KS,대신증권2우B
002170.KS,삼양통상
161000.KS,애경유화
088980.KS,맥쿼리인프라
000225.KS,유유제약1우
010060.KS,OCI
055550.KS,신한지주
025560.KS,미래산업
031430.KS,신세계인터내셔날
000650.KS,천일고속
034590.KS,인천도시가스
011930.KS,신성솔라에너지
090080.KS,평화산업
004410.KS,서울식품
002350.KS,넥센타이어
006805.KS,미래에셋대우우
029780.KS,삼성카드
004540.KS,깨끗한나라
051630.KS,진양화학
004970.KS,신라교역
007810.KS,코리아써키트
002620.KS,제일약품
005930.KS,삼성전자
033180.KS,필룩스
103130.KS,웅진에너지
003560.KS,IHQ
003780.KS,진양산업
015760.KS,한국전력
016610.KS,동부증권
100220.KS,비상교육
006880.KS,신송홀딩스
003550.KS,LG
129260.KS,인터지스
